date,draw1,draw2,draw3,draw4,draw5,powerball
2018-02-28 00:00:00 -0500,12,30,59,65,69,16
2018-02-24 00:00:00 -0500,24,25,38,62,63,6
2018-02-21 00:00:00 -0500,7,15,31,34,36,8
2018-02-17 00:00:00 -0500,13,26,39,44,62,2
2018-02-14 00:00:00 -0500,37,39,44,46,69,26
2018-02-10 00:00:00 -0500,1,13,27,41,59,20
2018-02-07 00:00:00 -0500,23,34,35,40,47,10
2018-02-03 00:00:00 -0500,15,23,27,48,53,6
2018-01-31 00:00:00 -0500,4,7,14,46,59,22
2018-01-27 00:00:00 -0500,17,21,26,47,54,7
2018-01-24 00:00:00 -0500,5,9,11,33,64,21
2018-01-20 00:00:00 -0500,26,28,47,49,58,3
2018-01-17 00:00:00 -0500,3,33,37,51,57,21
2018-01-13 00:00:00 -0500,14,25,35,58,69,24
2018-01-10 00:00:00 -0500,7,24,33,49,50,4
2018-01-06 00:00:00 -0500,12,29,30,33,61,26
2018-01-03 00:00:00 -0500,2,18,37,39,42,12
2017-12-30 00:00:00 -0500,28,36,41,51,58,24
2017-12-27 00:00:00 -0500,3,9,16,56,60,3
2017-12-23 00:00:00 -0500,1,3,13,15,44,25
2017-12-20 00:00:00 -0500,1,20,61,64,69,20
2017-12-16 00:00:00 -0500,9,35,37,50,63,11
2017-12-13 00:00:00 -0500,2,24,28,51,58,7
2017-12-09 00:00:00 -0500,25,36,37,55,60,6
2017-12-06 00:00:00 -0500,19,20,50,55,62,9
2017-12-02 00:00:00 -0500,28,30,32,36,58,6
2017-11-29 00:00:00 -0500,24,26,28,59,63,16
2017-11-25 00:00:00 -0500,8,13,27,53,54,4
2017-11-22 00:00:00 -0500,35,37,46,51,61,13
2017-11-18 00:00:00 -0500,17,28,31,32,39,26
2017-11-15 00:00:00 -0500,23,32,44,48,50,25
2017-11-11 00:00:00 -0500,4,6,16,30,56,18
2017-11-08 00:00:00 -0500,12,14,20,21,34,22
2017-11-04 00:00:00 -0400,12,14,26,48,51,13
2017-11-01 00:00:00 -0400,3,6,19,26,44,1
2017-10-28 00:00:00 -0400,27,35,38,57,66,10
2017-10-25 00:00:00 -0400,18,22,29,54,57,8
2017-10-21 00:00:00 -0400,14,41,42,45,69,4
2017-10-18 00:00:00 -0400,30,49,54,66,69,8
2017-10-14 00:00:00 -0400,32,37,56,66,69,11
2017-10-11 00:00:00 -0400,1,3,13,19,69,23
2017-10-07 00:00:00 -0400,10,49,61,63,65,7
2017-10-04 00:00:00 -0400,22,23,62,63,66,24
2017-09-30 00:00:00 -0400,8,12,25,41,64,15
2017-09-27 00:00:00 -0400,8,10,21,23,25,22
2017-09-23 00:00:00 -0400,24,45,55,56,57,19
2017-09-20 00:00:00 -0400,39,48,53,67,68,26
2017-09-16 00:00:00 -0400,17,18,24,25,31,24
2017-09-13 00:00:00 -0400,17,24,35,57,63,19
2017-09-09 00:00:00 -0400,6,20,29,57,59,22
2017-09-06 00:00:00 -0400,8,14,32,58,67,17
2017-09-02 00:00:00 -0400,6,21,41,52,62,26
2017-08-30 00:00:00 -0400,19,28,43,67,69,7
2017-08-26 00:00:00 -0400,7,15,32,38,66,15
2017-08-23 00:00:00 -0400,6,7,16,23,26,4
2017-08-19 00:00:00 -0400,17,19,39,43,68,13
2017-08-16 00:00:00 -0400,9,15,43,60,64,4
2017-08-12 00:00:00 -0400,20,24,26,35,49,19
2017-08-09 00:00:00 -0400,12,30,36,47,62,9
2017-08-05 00:00:00 -0400,11,21,28,33,45,11
2017-08-02 00:00:00 -0400,1,16,54,63,69,18
2017-07-29 00:00:00 -0400,1,28,40,45,48,12
2017-07-26 00:00:00 -0400,7,19,21,42,69,12
2017-07-22 00:00:00 -0400,5,32,44,53,60,9
2017-07-19 00:00:00 -0400,50,51,59,61,63,4
2017-07-15 00:00:00 -0400,9,40,63,64,66,17
2017-07-12 00:00:00 -0400,1,2,18,23,61,9
2017-07-08 00:00:00 -0400,8,10,29,40,59,26
2017-07-05 00:00:00 -0400,4,9,16,54,68,21
2017-07-01 00:00:00 -0400,19,42,45,48,53,16
2017-06-28 00:00:00 -0400,29,37,46,53,68,8
2017-06-24 00:00:00 -0400,10,22,32,36,58,10
2017-06-21 00:00:00 -0400,14,46,61,65,68,13
2017-06-17 00:00:00 -0400,10,13,32,53,62,21
2017-06-14 00:00:00 -0400,5,22,43,57,63,24
2017-06-10 00:00:00 -0400,20,26,32,38,58,3
2017-06-07 00:00:00 -0400,5,21,57,66,69,13
2017-06-03 00:00:00 -0400,3,9,21,41,54,25
2017-05-31 00:00:00 -0400,4,33,39,46,60,6
2017-05-27 00:00:00 -0400,5,10,28,55,67,9
2017-05-24 00:00:00 -0400,28,32,33,38,62,15
2017-05-20 00:00:00 -0400,5,22,45,47,54,3
2017-05-17 00:00:00 -0400,4,11,39,45,48,9
2017-05-13 00:00:00 -0400,17,20,32,63,68,19
2017-05-10 00:00:00 -0400,29,31,46,56,62,8
2017-05-06 00:00:00 -0400,11,21,31,41,59,21
2017-05-03 00:00:00 -0400,17,18,49,59,66,9
2017-04-29 00:00:00 -0400,22,23,24,45,62,5
2017-04-26 00:00:00 -0400,1,15,18,26,51,26
2017-04-22 00:00:00 -0400,21,39,41,48,63,6
2017-04-19 00:00:00 -0400,1,19,37,40,52,15
2017-04-15 00:00:00 -0400,5,22,26,45,61,13
2017-04-12 00:00:00 -0400,8,14,61,63,68,24
2017-04-08 00:00:00 -0400,23,36,51,53,60,15
2017-04-05 00:00:00 -0400,8,20,46,53,54,13
2017-04-01 00:00:00 -0400,9,32,36,44,65,1
2017-03-29 00:00:00 -0400,8,15,31,36,62,11
2017-03-25 00:00:00 -0400,18,31,32,45,48,16
2017-03-22 00:00:00 -0400,2,9,27,29,42,9
2017-03-18 00:00:00 -0400,13,25,44,54,67,5
2017-03-15 00:00:00 -0400,16,30,41,48,53,16
2017-03-11 00:00:00 -0500,1,26,41,50,57,11
2017-03-08 00:00:00 -0500,23,33,42,46,59,4
2017-03-04 00:00:00 -0500,2,18,19,22,63,19
2017-03-01 00:00:00 -0500,10,16,40,52,55,17
2017-02-25 00:00:00 -0500,6,32,47,62,65,19
2017-02-22 00:00:00 -0500,10,13,28,52,61,2
2017-02-18 00:00:00 -0500,3,7,9,31,33,20
2017-02-15 00:00:00 -0500,5,28,33,38,42,19
2017-02-11 00:00:00 -0500,5,9,17,37,64,2
2017-02-08 00:00:00 -0500,14,20,42,49,66,5
2017-02-04 00:00:00 -0500,6,13,16,17,52,25
2017-02-01 00:00:00 -0500,9,43,57,60,64,10
2017-01-28 00:00:00 -0500,12,20,39,49,69,17
2017-01-25 00:00:00 -0500,18,28,62,66,68,22
2017-01-21 00:00:00 -0500,23,25,45,52,67,2
2017-01-18 00:00:00 -0500,9,40,41,53,58,12
2017-01-14 00:00:00 -0500,23,55,59,64,69,13
2017-01-11 00:00:00 -0500,1,3,13,16,43,24
2017-01-07 00:00:00 -0500,3,12,24,37,63,10
2017-01-04 00:00:00 -0500,16,17,29,41,42,4
2016-12-31 00:00:00 -0500,1,3,28,57,67,9
2016-12-28 00:00:00 -0500,16,23,30,44,58,4
2016-12-24 00:00:00 -0500,28,38,42,51,52,21
2016-12-21 00:00:00 -0500,25,33,40,54,68,3
2016-12-17 00:00:00 -0500,1,8,16,40,48,10
2016-12-14 00:00:00 -0500,18,26,37,39,66,15
2016-12-10 00:00:00 -0500,12,21,32,44,66,15
2016-12-07 00:00:00 -0500,41,48,49,53,64,20
2016-12-03 00:00:00 -0500,8,10,26,27,33,22
2016-11-30 00:00:00 -0500,3,14,18,25,45,7
2016-11-26 00:00:00 -0500,17,19,21,37,44,16
2016-11-23 00:00:00 -0500,7,32,41,47,61,3
2016-11-19 00:00:00 -0500,16,24,28,43,61,21
2016-11-16 00:00:00 -0500,28,41,61,63,65,7
2016-11-12 00:00:00 -0500,8,17,20,27,52,24
2016-11-09 00:00:00 -0500,1,25,28,31,54,2
2016-11-05 00:00:00 -0400,21,31,50,51,69,8
2016-11-02 00:00:00 -0400,13,18,37,54,61,5
2016-10-29 00:00:00 -0400,19,20,21,42,48,23
2016-10-26 00:00:00 -0400,2,3,16,48,56,24
2016-10-22 00:00:00 -0400,1,28,33,55,56,22
2016-10-19 00:00:00 -0400,10,16,38,43,63,23
2016-10-15 00:00:00 -0400,23,49,57,64,67,20
2016-10-12 00:00:00 -0400,16,30,34,37,44,16
2016-10-08 00:00:00 -0400,3,54,61,64,68,9
2016-10-05 00:00:00 -0400,8,18,27,29,60,15
2016-10-01 00:00:00 -0400,2,12,50,61,64,1
2016-09-28 00:00:00 -0400,30,38,52,53,62,1
2016-09-24 00:00:00 -0400,7,15,20,29,41,22
2016-09-21 00:00:00 -0400,1,28,63,67,69,17
2016-09-17 00:00:00 -0400,9,19,51,55,62,14
2016-09-14 00:00:00 -0400,10,11,23,28,31,14
2016-09-10 00:00:00 -0400,3,17,49,55,68,8
2016-09-07 00:00:00 -0400,22,23,29,33,55,21
2016-09-03 00:00:00 -0400,7,39,50,59,67,25
2016-08-31 00:00:00 -0400,5,10,24,56,61,12
2016-08-27 00:00:00 -0400,4,32,48,49,63,20
2016-08-24 00:00:00 -0400,9,11,25,64,65,16
2016-08-20 00:00:00 -0400,3,6,21,60,68,24
2016-08-17 00:00:00 -0400,33,44,49,50,52,8
2016-08-13 00:00:00 -0400,38,44,60,64,69,6
2016-08-10 00:00:00 -0400,23,56,61,64,67,12
2016-08-06 00:00:00 -0400,20,33,36,47,52,12
2016-08-03 00:00:00 -0400,9,11,27,66,67,2
2016-07-30 00:00:00 -0400,11,17,21,23,32,5
2016-07-27 00:00:00 -0400,10,47,50,65,68,24
2016-07-23 00:00:00 -0400,5,7,23,35,39,11
2016-07-20 00:00:00 -0400,6,25,35,58,66,5
2016-07-16 00:00:00 -0400,11,17,40,50,62,26
2016-07-13 00:00:00 -0400,3,15,29,54,57,10
2016-07-09 00:00:00 -0400,10,28,32,61,64,12
2016-07-06 00:00:00 -0400,2,24,31,57,66,18
2016-07-02 00:00:00 -0400,10,34,39,59,63,4
2016-06-29 00:00:00 -0400,23,29,37,60,64,6
2016-06-25 00:00:00 -0400,3,27,36,56,69,25
2016-06-22 00:00:00 -0400,14,40,42,43,52,17
2016-06-18 00:00:00 -0400,2,23,41,53,63,11
2016-06-15 00:00:00 -0400,4,22,24,31,33,10
2016-06-11 00:00:00 -0400,20,27,36,41,58,7
2016-06-08 00:00:00 -0400,12,25,37,60,69,20
2016-06-04 00:00:00 -0400,16,20,22,43,64,17
2016-06-01 00:00:00 -0400,23,30,33,40,69,12
2016-05-28 00:00:00 -0400,6,33,34,58,59,12
2016-05-25 00:00:00 -0400,11,24,41,59,64,15
2016-05-21 00:00:00 -0400,5,7,9,23,32,26
2016-05-18 00:00:00 -0400,23,25,39,54,67,11
2016-05-14 00:00:00 -0400,13,27,47,64,65,9
2016-05-11 00:00:00 -0400,20,32,52,66,69,23
2016-05-07 00:00:00 -0400,5,25,26,44,66,9
2016-05-04 00:00:00 -0400,30,47,57,66,69,3
2016-04-30 00:00:00 -0400,3,12,16,32,34,14
2016-04-27 00:00:00 -0400,2,25,33,39,64,17
2016-04-23 00:00:00 -0400,19,35,46,59,62,13
2016-04-20 00:00:00 -0400,12,25,30,52,62,8
2016-04-16 00:00:00 -0400,3,18,25,32,51,3
2016-04-13 00:00:00 -0400,30,33,35,38,64,22
2016-04-09 00:00:00 -0400,14,22,23,41,61,9
2016-04-06 00:00:00 -0400,4,28,49,60,65,25
2016-04-02 00:00:00 -0400,9,28,30,40,61,3
2016-03-30 00:00:00 -0400,24,44,53,55,63,19
2016-03-26 00:00:00 -0400,11,23,42,52,68,6
2016-03-23 00:00:00 -0400,5,8,15,22,49,25
2016-03-19 00:00:00 -0400,11,23,43,54,60,3
2016-03-16 00:00:00 -0400,10,12,13,46,50,21
2016-03-12 00:00:00 -0500,11,28,50,57,62,23
2016-03-09 00:00:00 -0500,14,23,32,34,68,3
2016-03-05 00:00:00 -0500,3,27,34,59,69,19
2016-03-02 00:00:00 -0500,12,13,44,52,62,6
2016-02-27 00:00:00 -0500,10,11,21,22,53,18
2016-02-24 00:00:00 -0500,21,31,64,65,67,5
2016-02-20 00:00:00 -0500,11,12,15,16,54,25
2016-02-17 00:00:00 -0500,7,17,27,29,40,25
2016-02-13 00:00:00 -0500,7,15,18,19,36,20
2016-02-10 00:00:00 -0500,2,3,40,50,62,5
2016-02-06 00:00:00 -0500,4,13,31,36,52,8
2016-02-03 00:00:00 -0500,26,28,31,60,67,23
2016-01-30 00:00:00 -0500,5,12,16,31,43,18
2016-01-27 00:00:00 -0500,3,12,40,52,67,21
2016-01-23 00:00:00 -0500,22,32,34,40,69,19
2016-01-20 00:00:00 -0500,5,39,44,47,69,24
2016-01-16 00:00:00 -0500,3,51,52,61,64,6
2016-01-13 00:00:00 -0500,4,8,19,27,34,10
2016-01-09 00:00:00 -0500,16,19,32,34,57,13
2016-01-06 00:00:00 -0500,2,11,47,62,63,17
2016-01-02 00:00:00 -0500,5,6,15,29,42,10
2015-12-30 00:00:00 -0500,12,36,38,54,61,22
2015-12-26 00:00:00 -0500,27,40,44,59,65,20
2015-12-23 00:00:00 -0500,16,38,55,63,67,25
2015-12-19 00:00:00 -0500,28,30,41,59,68,10
2015-12-16 00:00:00 -0500,9,10,32,42,55,6
2015-12-12 00:00:00 -0500,2,14,19,30,62,22
2015-12-09 00:00:00 -0500,7,10,16,46,56,1
2015-12-05 00:00:00 -0500,13,27,33,47,68,13
2015-12-02 00:00:00 -0500,14,18,19,32,64,9
2015-11-28 00:00:00 -0500,2,6,47,66,67,2
2015-11-25 00:00:00 -0500,16,29,53,58,69,21
2015-11-21 00:00:00 -0500,37,47,50,52,57,21
2015-11-18 00:00:00 -0500,17,40,41,46,69,6
2015-11-14 00:00:00 -0500,14,22,37,45,66,5
2015-11-11 00:00:00 -0500,4,26,32,55,64,18
2015-11-07 00:00:00 -0500,7,16,25,50,53,15
2015-11-04 00:00:00 -0500,2,12,17,20,65,17
2015-10-31 00:00:00 -0400,9,20,25,47,68,7
2015-10-28 00:00:00 -0400,4,54,56,62,63,10
2015-10-24 00:00:00 -0400,20,31,56,60,64,2
2015-10-21 00:00:00 -0400,30,32,42,56,57,11
2015-10-17 00:00:00 -0400,48,49,57,62,69,19
2015-10-14 00:00:00 -0400,15,20,29,31,40,1
2015-10-10 00:00:00 -0400,12,27,29,43,68,1
2015-10-07 00:00:00 -0400,18,30,40,48,52,9
2015-10-03 00:00:00 -0400,6,26,33,44,46,4
2015-09-30 00:00:00 -0400,21,39,40,55,59,17
2015-09-26 00:00:00 -0400,23,31,42,50,57,5
2015-09-23 00:00:00 -0400,8,29,41,51,58,5
2015-09-19 00:00:00 -0400,12,17,26,43,48,24
2015-09-16 00:00:00 -0400,5,7,24,31,39,7
2015-09-12 00:00:00 -0400,2,3,13,16,35,27
2015-09-09 00:00:00 -0400,44,45,47,50,51,8
2015-09-05 00:00:00 -0400,10,16,18,29,45,19
2015-09-02 00:00:00 -0400,17,22,30,46,56,16
2015-08-29 00:00:00 -0400,18,21,25,28,29,16
2015-08-26 00:00:00 -0400,2,22,32,45,56,12
2015-08-22 00:00:00 -0400,4,12,14,21,55,7
2015-08-19 00:00:00 -0400,6,8,43,48,50,7
2015-08-15 00:00:00 -0400,3,13,17,42,52,24
2015-08-12 00:00:00 -0400,8,13,29,38,52,28
2015-08-08 00:00:00 -0400,9,34,48,52,54,15
2015-08-05 00:00:00 -0400,9,11,14,16,42,19
2015-08-01 00:00:00 -0400,7,13,24,49,57,15
2015-07-29 00:00:00 -0400,4,22,27,28,52,35
2015-07-25 00:00:00 -0400,27,29,34,41,44,2
2015-07-22 00:00:00 -0400,12,31,43,44,57,11
2015-07-18 00:00:00 -0400,6,37,39,45,55,33
2015-07-15 00:00:00 -0400,13,16,34,45,50,11
2015-07-11 00:00:00 -0400,11,39,46,52,54,3
2015-07-08 00:00:00 -0400,4,15,25,27,30,18
2015-07-04 00:00:00 -0400,3,6,14,18,24,21
2015-07-01 00:00:00 -0400,7,24,26,31,41,25
2015-06-27 00:00:00 -0400,18,28,35,46,49,27
2015-06-24 00:00:00 -0400,3,5,10,22,32,7
2015-06-20 00:00:00 -0400,9,10,16,20,57,15
2015-06-17 00:00:00 -0400,20,21,22,41,54,7
2015-06-13 00:00:00 -0400,29,41,48,52,54,29
2015-06-10 00:00:00 -0400,31,32,48,49,53,25
2015-06-06 00:00:00 -0400,8,13,18,27,43,15
2015-06-03 00:00:00 -0400,6,8,13,37,40,11
2015-05-30 00:00:00 -0400,8,9,25,56,57,22
2015-05-27 00:00:00 -0400,8,15,34,53,59,23
2015-05-23 00:00:00 -0400,9,15,17,31,43,16
2015-05-20 00:00:00 -0400,1,12,28,35,44,25
2015-05-16 00:00:00 -0400,24,29,38,48,52,32
2015-05-13 00:00:00 -0400,1,25,29,31,47,7
2015-05-09 00:00:00 -0400,4,15,17,35,58,17
2015-05-06 00:00:00 -0400,23,24,27,39,41,30
2015-05-02 00:00:00 -0400,2,6,11,30,31,33
2015-04-29 00:00:00 -0400,1,26,34,38,51,6
2015-04-25 00:00:00 -0400,21,33,35,38,45,12
2015-04-22 00:00:00 -0400,10,14,25,39,53,18
2015-04-18 00:00:00 -0400,13,22,23,29,31,17
2015-04-15 00:00:00 -0400,1,16,21,29,40,30
2015-04-11 00:00:00 -0400,1,12,32,42,58,12
2015-04-08 00:00:00 -0400,1,19,45,46,58,29
2015-04-04 00:00:00 -0400,33,39,40,41,54,28
2015-04-01 00:00:00 -0400,2,30,33,39,44,1
2015-03-28 00:00:00 -0400,2,4,6,12,38,17
2015-03-25 00:00:00 -0400,7,19,23,50,54,14
2015-03-21 00:00:00 -0400,11,16,30,38,42,7
2015-03-18 00:00:00 -0400,14,25,30,33,47,8
2015-03-14 00:00:00 -0400,8,14,39,46,47,18
2015-03-11 00:00:00 -0400,11,24,31,40,44,27
2015-03-07 00:00:00 -0500,34,36,38,42,50,33
2015-03-04 00:00:00 -0500,8,12,15,35,50,32
2015-02-28 00:00:00 -0500,11,17,25,28,46,12
2015-02-25 00:00:00 -0500,17,19,21,32,39,8
2015-02-21 00:00:00 -0500,10,14,18,34,51,26
2015-02-18 00:00:00 -0500,1,9,29,32,49,22
2015-02-14 00:00:00 -0500,1,24,44,45,51,28
2015-02-11 00:00:00 -0500,11,13,25,39,54,19
2015-02-07 00:00:00 -0500,5,10,21,34,58,33
2015-02-04 00:00:00 -0500,24,36,51,52,56,22
2015-01-31 00:00:00 -0500,5,11,16,26,50,34
2015-01-28 00:00:00 -0500,12,24,35,36,49,1
2015-01-24 00:00:00 -0500,16,19,20,29,33,10
2015-01-21 00:00:00 -0500,11,12,15,28,57,23
2015-01-17 00:00:00 -0500,15,16,23,27,36,9
2015-01-14 00:00:00 -0500,2,4,10,41,53,22
2015-01-10 00:00:00 -0500,2,9,19,28,29,19
2015-01-07 00:00:00 -0500,14,15,47,49,59,10
2015-01-03 00:00:00 -0500,4,18,43,46,55,25
2014-12-31 00:00:00 -0500,17,27,37,40,53,35
2014-12-27 00:00:00 -0500,7,10,11,14,36,15
2014-12-24 00:00:00 -0500,11,12,46,47,50,22
2014-12-20 00:00:00 -0500,14,15,19,31,56,5
2014-12-17 00:00:00 -0500,22,31,38,47,48,15
2014-12-13 00:00:00 -0500,5,13,28,43,55,33
2014-12-10 00:00:00 -0500,34,44,48,54,55,10
2014-12-06 00:00:00 -0500,12,15,22,43,49,14
2014-12-03 00:00:00 -0500,25,30,32,46,54,26
2014-11-29 00:00:00 -0500,13,24,30,42,48,27
2014-11-26 00:00:00 -0500,16,17,22,46,54,35
2014-11-22 00:00:00 -0500,23,49,53,54,57,35
2014-11-19 00:00:00 -0500,6,36,38,48,51,17
2014-11-15 00:00:00 -0500,13,16,33,35,51,28
2014-11-12 00:00:00 -0500,37,39,51,52,55,11
2014-11-08 00:00:00 -0500,9,19,33,38,54,15
2014-11-05 00:00:00 -0500,2,11,19,21,42,34
2014-11-01 00:00:00 -0400,1,3,13,25,38,17
2014-10-29 00:00:00 -0400,25,28,48,57,59,16
2014-10-25 00:00:00 -0400,6,10,51,54,57,12
2014-10-22 00:00:00 -0400,29,30,40,42,50,16
2014-10-18 00:00:00 -0400,20,26,27,36,54,19
2014-10-15 00:00:00 -0400,5,7,19,27,28,20
2014-10-11 00:00:00 -0400,10,19,37,38,39,28
2014-10-08 00:00:00 -0400,5,16,31,46,50,18
2014-10-04 00:00:00 -0400,13,18,24,25,33,31
2014-10-01 00:00:00 -0400,1,4,18,20,45,7
2014-09-27 00:00:00 -0400,2,11,35,52,54,13
2014-09-24 00:00:00 -0400,7,14,21,24,41,26
2014-09-20 00:00:00 -0400,22,23,30,37,39,16
2014-09-17 00:00:00 -0400,18,25,36,48,50,23
2014-09-13 00:00:00 -0400,1,6,16,37,53,27
2014-09-10 00:00:00 -0400,2,14,39,40,43,13
2014-09-06 00:00:00 -0400,9,29,31,43,50,18
2014-09-03 00:00:00 -0400,2,16,43,45,51,35
2014-08-30 00:00:00 -0400,5,28,31,52,59,27
2014-08-27 00:00:00 -0400,17,24,26,45,46,19
2014-08-23 00:00:00 -0400,28,32,35,36,52,31
2014-08-20 00:00:00 -0400,4,8,21,38,40,3
2014-08-16 00:00:00 -0400,7,8,17,48,59,9
2014-08-13 00:00:00 -0400,8,37,39,40,52,24
2014-08-09 00:00:00 -0400,3,12,31,34,51,24
2014-08-06 00:00:00 -0400,1,8,24,28,49,24
2014-08-02 00:00:00 -0400,12,26,44,46,47,29
2014-07-30 00:00:00 -0400,13,30,42,49,53,29
2014-07-26 00:00:00 -0400,24,28,30,38,39,16
2014-07-23 00:00:00 -0400,4,10,12,22,31,3
2014-07-19 00:00:00 -0400,10,17,25,45,53,9
2014-07-16 00:00:00 -0400,5,15,18,26,32,35
2014-07-12 00:00:00 -0400,2,3,7,23,51,26
2014-07-09 00:00:00 -0400,9,25,42,55,57,14
2014-07-05 00:00:00 -0400,24,34,36,57,58,11
2014-07-02 00:00:00 -0400,8,18,45,53,58,35
2014-06-28 00:00:00 -0400,8,12,34,43,56,9
2014-06-25 00:00:00 -0400,10,20,25,50,53,35
2014-06-21 00:00:00 -0400,5,6,37,41,54,26
2014-06-18 00:00:00 -0400,6,9,29,52,59,7
2014-06-14 00:00:00 -0400,9,33,42,45,54,30
2014-06-11 00:00:00 -0400,14,18,25,33,49,23
2014-06-07 00:00:00 -0400,28,30,35,58,59,15
2014-06-04 00:00:00 -0400,1,7,10,22,49,24
2014-05-31 00:00:00 -0400,15,27,31,34,48,1
2014-05-28 00:00:00 -0400,2,24,28,32,59,25
2014-05-24 00:00:00 -0400,15,16,28,49,55,18
2014-05-21 00:00:00 -0400,4,20,34,39,58,31
2014-05-17 00:00:00 -0400,23,32,39,47,49,22
2014-05-14 00:00:00 -0400,7,33,39,52,55,33
2014-05-10 00:00:00 -0400,4,31,41,47,55,1
2014-05-07 00:00:00 -0400,17,29,31,48,49,34
2014-05-03 00:00:00 -0400,5,15,16,46,49,26
2014-04-30 00:00:00 -0400,2,9,11,19,50,32
2014-04-26 00:00:00 -0400,3,7,22,30,33,20
2014-04-23 00:00:00 -0400,19,25,29,36,48,12
2014-04-19 00:00:00 -0400,5,6,29,35,51,21
2014-04-16 00:00:00 -0400,34,39,42,44,59,8
2014-04-12 00:00:00 -0400,14,26,45,54,55,20
2014-04-09 00:00:00 -0400,9,14,44,48,49,29
2014-04-05 00:00:00 -0400,11,21,26,33,34,29
2014-04-02 00:00:00 -0400,8,13,19,22,53,24
2014-03-29 00:00:00 -0400,2,3,12,27,38,17
2014-03-26 00:00:00 -0400,28,33,41,44,59,21
2014-03-22 00:00:00 -0400,13,28,31,55,58,15
2014-03-19 00:00:00 -0400,2,19,23,34,43,14
2014-03-15 00:00:00 -0400,2,5,34,51,58,9
2014-03-12 00:00:00 -0400,14,15,28,37,54,10
2014-03-08 00:00:00 -0500,10,14,24,32,41,30
2014-03-05 00:00:00 -0500,3,7,9,26,54,19
2014-03-01 00:00:00 -0500,3,8,25,30,47,13
2014-02-26 00:00:00 -0500,11,12,17,38,42,2
2014-02-22 00:00:00 -0500,2,3,13,14,54,4
2014-02-19 00:00:00 -0500,1,17,35,49,54,34
2014-02-15 00:00:00 -0500,2,9,14,21,23,3
2014-02-12 00:00:00 -0500,36,44,49,52,57,1
2014-02-08 00:00:00 -0500,24,25,34,37,54,29
2014-02-05 00:00:00 -0500,8,17,32,57,59,24
2014-02-01 00:00:00 -0500,5,12,15,27,38,7
2014-01-29 00:00:00 -0500,11,23,28,32,47,20
2014-01-25 00:00:00 -0500,8,12,18,55,57,2
2014-01-22 00:00:00 -0500,1,2,7,9,55,29
2014-01-18 00:00:00 -0500,13,14,19,31,38,25
2014-01-15 00:00:00 -0500,7,8,9,24,29,25
2014-01-11 00:00:00 -0500,10,15,33,48,54,34
2014-01-08 00:00:00 -0500,10,28,39,47,58,22
2014-01-04 00:00:00 -0500,19,20,37,41,58,14
2014-01-01 00:00:00 -0500,15,24,40,48,52,23
2013-12-28 00:00:00 -0500,8,35,44,51,56,18
2013-12-25 00:00:00 -0500,23,28,38,39,56,32
2013-12-21 00:00:00 -0500,25,36,40,45,51,8
2013-12-18 00:00:00 -0500,7,24,37,39,40,1
2013-12-14 00:00:00 -0500,14,25,32,33,41,34
2013-12-11 00:00:00 -0500,1,10,13,18,19,27
2013-12-07 00:00:00 -0500,13,20,32,45,48,17
2013-12-04 00:00:00 -0500,6,9,11,31,44,25
2013-11-30 00:00:00 -0500,5,26,44,45,57,29
2013-11-27 00:00:00 -0500,18,25,50,55,57,17
2013-11-23 00:00:00 -0500,5,12,43,52,55,10
2013-11-20 00:00:00 -0500,4,18,23,32,45,7
2013-11-16 00:00:00 -0500,10,29,37,44,59,10
2013-11-13 00:00:00 -0500,5,31,50,55,56,9
2013-11-09 00:00:00 -0500,3,9,37,49,56,32
2013-11-06 00:00:00 -0500,1,5,10,15,49,22
2013-11-02 00:00:00 -0400,13,23,24,27,40,17
2013-10-30 00:00:00 -0400,2,36,40,49,54,10
2013-10-26 00:00:00 -0400,4,6,34,49,56,29
2013-10-23 00:00:00 -0400,3,23,31,34,47,13
2013-10-19 00:00:00 -0400,9,33,54,56,57,5
2013-10-16 00:00:00 -0400,3,26,28,34,42,28
2013-10-12 00:00:00 -0400,8,10,26,57,58,4
2013-10-09 00:00:00 -0400,3,9,19,33,38,18
2013-10-05 00:00:00 -0400,11,12,17,39,40,5
2013-10-02 00:00:00 -0400,4,6,25,42,51,17
2013-09-28 00:00:00 -0400,14,47,52,53,54,5
2013-09-25 00:00:00 -0400,2,7,17,49,53,23
2013-09-21 00:00:00 -0400,12,17,45,54,58,13
2013-09-18 00:00:00 -0400,7,10,22,32,35,19
2013-09-14 00:00:00 -0400,1,17,25,37,44,20
2013-09-11 00:00:00 -0400,11,19,33,42,52,33
2013-09-07 00:00:00 -0400,2,19,22,26,45,24
2013-09-04 00:00:00 -0400,2,9,26,45,47,11
2013-08-31 00:00:00 -0400,2,7,25,40,56,20
2013-08-28 00:00:00 -0400,6,7,9,19,32,13
2013-08-24 00:00:00 -0400,12,17,25,45,59,19
2013-08-21 00:00:00 -0400,30,40,42,46,48,23
2013-08-17 00:00:00 -0400,18,21,46,54,56,23
2013-08-14 00:00:00 -0400,4,11,17,43,51,20
2013-08-10 00:00:00 -0400,4,12,14,37,58,13
2013-08-07 00:00:00 -0400,5,25,30,58,59,32
2013-08-03 00:00:00 -0400,21,24,36,42,45,15
2013-07-31 00:00:00 -0400,8,24,39,49,59,5
2013-07-27 00:00:00 -0400,9,23,40,53,58,6
2013-07-24 00:00:00 -0400,9,29,40,44,54,7
2013-07-20 00:00:00 -0400,14,25,27,38,58,6
2013-07-17 00:00:00 -0400,1,22,34,38,42,17
2013-07-13 00:00:00 -0400,2,8,22,35,37,6
2013-07-10 00:00:00 -0400,30,31,45,55,59,27
2013-07-06 00:00:00 -0400,2,13,35,36,52,11
2013-07-03 00:00:00 -0400,3,6,29,40,51,4
2013-06-29 00:00:00 -0400,8,28,30,53,56,16
2013-06-26 00:00:00 -0400,1,18,33,39,46,33
2013-06-22 00:00:00 -0400,13,19,23,33,57,28
2013-06-19 00:00:00 -0400,7,46,47,52,57,17
2013-06-15 00:00:00 -0400,28,36,40,48,55,1
2013-06-12 00:00:00 -0400,16,22,23,42,55,32
2013-06-08 00:00:00 -0400,2,11,22,26,32,19
2013-06-05 00:00:00 -0400,4,26,33,36,55,32
2013-06-01 00:00:00 -0400,22,28,33,53,59,14
2013-05-29 00:00:00 -0400,9,14,17,49,57,2
2013-05-25 00:00:00 -0400,2,6,19,21,27,25
2013-05-22 00:00:00 -0400,9,31,35,41,57,26
2013-05-18 00:00:00 -0400,10,13,14,22,52,11
2013-05-15 00:00:00 -0400,2,11,26,34,41,32
2013-05-11 00:00:00 -0400,6,13,19,23,43,16
2013-05-08 00:00:00 -0400,21,22,26,30,57,27
2013-05-04 00:00:00 -0400,7,12,26,36,40,17
2013-05-01 00:00:00 -0400,22,26,31,54,55,18
2013-04-27 00:00:00 -0400,3,23,48,54,55,5
2013-04-24 00:00:00 -0400,9,19,31,56,59,2
2013-04-20 00:00:00 -0400,6,8,30,39,48,20
2013-04-17 00:00:00 -0400,13,18,36,48,58,28
2013-04-13 00:00:00 -0400,10,12,31,56,57,33
2013-04-10 00:00:00 -0400,1,36,40,52,53,20
2013-04-06 00:00:00 -0400,4,7,8,29,39,24
2013-04-03 00:00:00 -0400,1,6,8,12,35,3
2013-03-30 00:00:00 -0400,11,23,26,46,55,27
2013-03-27 00:00:00 -0400,7,37,43,48,52,16
2013-03-23 00:00:00 -0400,17,29,31,52,53,31
2013-03-20 00:00:00 -0400,13,14,17,43,54,15
2013-03-16 00:00:00 -0400,3,7,21,44,53,16
2013-03-13 00:00:00 -0400,5,9,28,32,38,29
2013-03-09 00:00:00 -0500,10,37,40,46,52,12
2013-03-06 00:00:00 -0500,6,10,23,41,45,1
2013-03-02 00:00:00 -0500,3,8,13,41,56,16
2013-02-27 00:00:00 -0500,3,14,20,34,48,21
2013-02-23 00:00:00 -0500,2,5,31,39,41,29
2013-02-20 00:00:00 -0500,3,17,19,25,32,17
2013-02-16 00:00:00 -0500,15,16,46,50,58,29
2013-02-13 00:00:00 -0500,12,23,25,27,43,29
2013-02-09 00:00:00 -0500,5,6,16,36,58,3
2013-02-06 00:00:00 -0500,5,27,36,38,41,12
2013-02-02 00:00:00 -0500,11,16,33,40,41,34
2013-01-30 00:00:00 -0500,14,16,32,47,52,16
2013-01-26 00:00:00 -0500,3,22,26,41,49,18
2013-01-23 00:00:00 -0500,11,12,24,43,45,9
2013-01-19 00:00:00 -0500,8,28,29,34,38,35
2013-01-16 00:00:00 -0500,9,21,28,32,51,35
2013-01-12 00:00:00 -0500,10,14,21,23,47,7
2013-01-09 00:00:00 -0500,11,13,20,27,59,26
2013-01-05 00:00:00 -0500,26,30,49,51,54,25
2013-01-02 00:00:00 -0500,18,20,28,35,53,20
2012-12-29 00:00:00 -0500,36,46,50,52,55,14
2012-12-26 00:00:00 -0500,11,13,23,43,54,4
2012-12-22 00:00:00 -0500,1,18,35,39,44,11
2012-12-19 00:00:00 -0500,5,8,20,23,30,3
2012-12-15 00:00:00 -0500,15,23,40,44,55,14
2012-12-12 00:00:00 -0500,8,10,25,36,44,28
2012-12-08 00:00:00 -0500,7,23,26,40,53,21
2012-12-05 00:00:00 -0500,13,17,19,27,38,12
2012-12-01 00:00:00 -0500,3,10,19,36,46,3
2012-11-28 00:00:00 -0500,5,16,22,23,29,6
2012-11-24 00:00:00 -0500,22,32,37,44,50,34
2012-11-21 00:00:00 -0500,8,18,24,30,39,26
2012-11-17 00:00:00 -0500,3,15,27,58,59,20
2012-11-14 00:00:00 -0500,8,10,30,44,58,13
2012-11-10 00:00:00 -0500,32,42,50,54,55,32
2012-11-07 00:00:00 -0500,32,34,45,52,58,20
2012-11-03 00:00:00 -0400,4,7,9,30,54,25
2012-10-31 00:00:00 -0400,1,27,31,45,48,5
2012-10-27 00:00:00 -0400,22,32,34,36,56,33
2012-10-24 00:00:00 -0400,3,18,21,23,50,4
2012-10-20 00:00:00 -0400,4,21,28,31,44,10
2012-10-17 00:00:00 -0400,1,7,10,23,42,35
2012-10-13 00:00:00 -0400,2,5,25,26,49,18
2012-10-10 00:00:00 -0400,18,26,29,35,43,28
2012-10-06 00:00:00 -0400,15,26,34,36,59,35
2012-10-03 00:00:00 -0400,17,23,36,55,59,10
2012-09-29 00:00:00 -0400,14,18,28,29,57,8
2012-09-26 00:00:00 -0400,13,26,39,41,42,10
2012-09-22 00:00:00 -0400,2,16,18,40,42,33
2012-09-19 00:00:00 -0400,1,5,8,39,50,23
2012-09-15 00:00:00 -0400,3,20,26,43,48,1
2012-09-12 00:00:00 -0400,24,33,36,48,56,6
2012-09-08 00:00:00 -0400,6,20,34,44,48,29
2012-09-05 00:00:00 -0400,4,19,26,42,51,29
2012-09-01 00:00:00 -0400,8,11,21,44,49,22
2012-08-29 00:00:00 -0400,25,28,49,54,56,28
2012-08-25 00:00:00 -0400,1,6,7,20,49,23
2012-08-22 00:00:00 -0400,22,29,31,47,55,19
2012-08-18 00:00:00 -0400,14,26,41,55,59,1
2012-08-15 00:00:00 -0400,6,27,46,51,56,21
2012-08-11 00:00:00 -0400,4,13,39,46,51,1
2012-08-08 00:00:00 -0400,3,7,11,15,28,12
2012-08-04 00:00:00 -0400,19,30,48,53,55,18
2012-08-01 00:00:00 -0400,3,16,48,56,58,4
2012-07-28 00:00:00 -0400,5,6,13,36,50,13
2012-07-25 00:00:00 -0400,3,14,35,38,46,16
2012-07-21 00:00:00 -0400,9,31,38,54,56,20
2012-07-18 00:00:00 -0400,2,5,20,23,57,3
2012-07-14 00:00:00 -0400,4,16,32,37,46,13
2012-07-11 00:00:00 -0400,5,22,36,49,55,23
2012-07-07 00:00:00 -0400,3,5,29,39,59,29
2012-07-04 00:00:00 -0400,14,19,35,39,56,33
2012-06-30 00:00:00 -0400,7,15,20,41,44,22
2012-06-27 00:00:00 -0400,6,34,40,46,58,6
2012-06-23 00:00:00 -0400,1,3,41,44,53,30
2012-06-20 00:00:00 -0400,11,17,29,56,57,14
2012-06-16 00:00:00 -0400,8,14,15,16,27,26
2012-06-13 00:00:00 -0400,7,10,14,33,57,18
2012-06-09 00:00:00 -0400,18,22,45,56,57,27
2012-06-06 00:00:00 -0400,19,30,33,48,59,27
2012-06-02 00:00:00 -0400,9,10,17,29,45,33
2012-05-30 00:00:00 -0400,9,10,24,52,56,14
2012-05-26 00:00:00 -0400,13,14,41,49,59,14
2012-05-23 00:00:00 -0400,4,7,26,53,59,32
2012-05-19 00:00:00 -0400,8,13,35,46,51,30
2012-05-16 00:00:00 -0400,3,7,21,28,43,2
2012-05-12 00:00:00 -0400,10,24,35,53,58,22
2012-05-09 00:00:00 -0400,1,7,11,55,56,1
2012-05-05 00:00:00 -0400,9,12,20,44,59,23
2012-05-02 00:00:00 -0400,7,8,33,38,50,29
2012-04-28 00:00:00 -0400,31,39,40,57,58,33
2012-04-25 00:00:00 -0400,4,25,29,34,43,29
2012-04-21 00:00:00 -0400,6,8,20,42,51,16
2012-04-18 00:00:00 -0400,20,22,39,46,49,29
2012-04-14 00:00:00 -0400,14,15,16,19,24,2
2012-04-11 00:00:00 -0400,16,23,42,44,47,2
2012-04-07 00:00:00 -0400,5,13,17,20,30,18
2012-04-04 00:00:00 -0400,1,24,33,45,49,6
2012-03-31 00:00:00 -0400,5,14,36,54,58,27
2012-03-28 00:00:00 -0400,11,16,29,50,58,33
2012-03-24 00:00:00 -0400,1,15,35,37,47,8
2012-03-21 00:00:00 -0400,32,43,53,55,56,6
2012-03-17 00:00:00 -0400,11,14,49,55,58,30
2012-03-14 00:00:00 -0400,1,8,41,46,59,24
2012-03-10 00:00:00 -0500,5,14,17,20,41,5
2012-03-07 00:00:00 -0500,12,35,45,46,47,12
2012-03-03 00:00:00 -0500,29,30,45,47,49,35
2012-02-29 00:00:00 -0500,1,4,11,23,26,14
2012-02-25 00:00:00 -0500,6,11,42,53,54,7
2012-02-22 00:00:00 -0500,7,16,17,39,51,32
2012-02-18 00:00:00 -0500,23,28,50,56,59,5
2012-02-15 00:00:00 -0500,11,12,32,52,56,11
2012-02-11 00:00:00 -0500,1,10,37,52,57,11
2012-02-08 00:00:00 -0500,17,28,38,39,51,33
2012-02-04 00:00:00 -0500,15,23,43,45,56,7
2012-02-01 00:00:00 -0500,8,13,17,34,59,35
2012-01-28 00:00:00 -0500,5,33,41,54,59,13
2012-01-25 00:00:00 -0500,4,19,28,29,47,5
2012-01-21 00:00:00 -0500,12,24,43,44,45,7
2012-01-18 00:00:00 -0500,6,29,34,44,50,28
2012-01-14 00:00:00 -0500,10,30,36,38,41,1
2012-01-11 00:00:00 -0500,5,19,29,45,47,25
2012-01-07 00:00:00 -0500,3,21,24,38,39,24
2012-01-04 00:00:00 -0500,21,35,46,47,50,2
2011-12-31 00:00:00 -0500,5,23,25,28,40,34
2011-12-28 00:00:00 -0500,16,21,27,41,45,14
2011-12-24 00:00:00 -0500,14,16,30,51,52,19
2011-12-21 00:00:00 -0500,10,13,15,31,54,18
2011-12-17 00:00:00 -0500,13,28,49,51,59,33
2011-12-14 00:00:00 -0500,2,24,46,52,56,19
2011-12-10 00:00:00 -0500,4,19,33,41,59,9
2011-12-07 00:00:00 -0500,3,14,20,39,40,37
2011-12-03 00:00:00 -0500,5,18,33,43,45,8
2011-11-30 00:00:00 -0500,2,6,34,35,47,22
2011-11-26 00:00:00 -0500,20,37,39,45,55,28
2011-11-23 00:00:00 -0500,4,30,35,57,59,25
2011-11-19 00:00:00 -0500,9,16,17,28,30,11
2011-11-16 00:00:00 -0500,13,22,25,39,51,28
2011-11-12 00:00:00 -0500,4,35,36,51,56,8
2011-11-09 00:00:00 -0500,5,35,57,58,59,12
2011-11-05 00:00:00 -0400,2,33,39,40,43,26
2011-11-02 00:00:00 -0400,12,14,34,39,46,36
2011-10-29 00:00:00 -0400,11,16,40,51,56,38
2011-10-26 00:00:00 -0400,1,18,21,39,55,6
2011-10-22 00:00:00 -0400,3,8,23,30,58,13
2011-10-19 00:00:00 -0400,16,26,35,52,58,2
2011-10-15 00:00:00 -0400,5,10,24,38,43,1
2011-10-12 00:00:00 -0400,10,12,23,43,47,18
2011-10-08 00:00:00 -0400,3,27,35,37,45,31
2011-10-05 00:00:00 -0400,7,20,43,46,54,17
2011-10-01 00:00:00 -0400,1,12,23,27,43,31
2011-09-28 00:00:00 -0400,30,41,50,51,53,8
2011-09-24 00:00:00 -0400,3,4,12,27,44,26
2011-09-21 00:00:00 -0400,12,47,48,52,55,13
2011-09-17 00:00:00 -0400,6,20,22,32,43,11
2011-09-14 00:00:00 -0400,16,41,42,50,59,5
2011-09-10 00:00:00 -0400,4,19,22,32,53,24
2011-09-07 00:00:00 -0400,3,5,18,27,54,13
2011-09-03 00:00:00 -0400,15,25,52,53,54,2
2011-08-31 00:00:00 -0400,13,19,35,47,57,29
2011-08-27 00:00:00 -0400,2,12,25,54,58,14
2011-08-24 00:00:00 -0400,9,13,47,49,53,39
2011-08-20 00:00:00 -0400,2,17,23,28,47,36
2011-08-17 00:00:00 -0400,18,28,31,48,52,37
2011-08-13 00:00:00 -0400,9,12,35,50,58,4
2011-08-10 00:00:00 -0400,11,18,36,41,46,38
2011-08-06 00:00:00 -0400,25,30,54,57,59,6
2011-08-03 00:00:00 -0400,13,19,21,28,49,11
2011-07-30 00:00:00 -0400,20,40,41,47,55,19
2011-07-27 00:00:00 -0400,38,40,41,51,59,33
2011-07-23 00:00:00 -0400,1,7,27,38,48,30
2011-07-20 00:00:00 -0400,1,4,38,40,42,17
2011-07-16 00:00:00 -0400,24,28,48,50,54,25
2011-07-13 00:00:00 -0400,8,18,19,32,54,8
2011-07-09 00:00:00 -0400,1,9,11,23,31,6
2011-07-06 00:00:00 -0400,11,15,24,50,55,8
2011-07-02 00:00:00 -0400,1,11,18,29,51,32
2011-06-29 00:00:00 -0400,24,30,45,57,59,26
2011-06-25 00:00:00 -0400,18,36,39,41,57,12
2011-06-22 00:00:00 -0400,12,15,19,46,59,12
2011-06-18 00:00:00 -0400,12,21,22,38,41,18
2011-06-15 00:00:00 -0400,19,20,38,41,43,29
2011-06-11 00:00:00 -0400,16,18,27,36,50,8
2011-06-08 00:00:00 -0400,14,37,44,45,53,29
2011-06-04 00:00:00 -0400,17,19,39,41,58,21
2011-06-01 00:00:00 -0400,8,18,38,46,56,31
2011-05-28 00:00:00 -0400,12,20,43,51,55,11
2011-05-25 00:00:00 -0400,4,23,31,42,50,23
2011-05-21 00:00:00 -0400,2,8,40,49,50,36
2011-05-18 00:00:00 -0400,7,12,13,42,49,16
2011-05-14 00:00:00 -0400,8,17,18,40,44,16
2011-05-11 00:00:00 -0400,9,17,32,43,45,31
2011-05-07 00:00:00 -0400,2,11,27,47,55,15
2011-05-04 00:00:00 -0400,3,15,27,29,41,24
2011-04-30 00:00:00 -0400,6,13,15,32,41,3
2011-04-27 00:00:00 -0400,4,24,40,44,55,5
2011-04-23 00:00:00 -0400,3,11,47,48,58,19
2011-04-20 00:00:00 -0400,9,24,34,36,43,27
2011-04-16 00:00:00 -0400,21,33,44,45,55,7
2011-04-13 00:00:00 -0400,4,23,39,49,50,39
2011-04-09 00:00:00 -0400,5,14,32,53,56,11
2011-04-06 00:00:00 -0400,10,18,41,55,56,15
2011-04-02 00:00:00 -0400,6,22,34,43,45,23
2011-03-30 00:00:00 -0400,19,20,42,56,58,37
2011-03-26 00:00:00 -0400,4,10,11,19,33,27
2011-03-23 00:00:00 -0400,5,15,26,28,32,9
2011-03-19 00:00:00 -0400,3,11,20,27,46,8
2011-03-16 00:00:00 -0400,28,39,40,48,53,9
2011-03-12 00:00:00 -0500,1,4,12,41,47,3
2011-03-09 00:00:00 -0500,12,20,28,40,48,8
2011-03-05 00:00:00 -0500,2,23,31,42,48,21
2011-03-02 00:00:00 -0500,7,31,50,51,58,6
2011-02-26 00:00:00 -0500,4,13,17,21,45,10
2011-02-23 00:00:00 -0500,29,32,36,39,49,29
2011-02-19 00:00:00 -0500,3,12,34,37,42,36
2011-02-16 00:00:00 -0500,9,13,21,23,48,24
2011-02-12 00:00:00 -0500,11,32,36,48,52,19
2011-02-09 00:00:00 -0500,7,11,39,42,51,30
2011-02-05 00:00:00 -0500,15,37,41,56,59,5
2011-02-02 00:00:00 -0500,3,14,33,53,57,36
2011-01-29 00:00:00 -0500,24,28,45,49,52,2
2011-01-26 00:00:00 -0500,4,5,36,47,58,6
2011-01-22 00:00:00 -0500,30,31,34,45,51,23
2011-01-19 00:00:00 -0500,22,36,51,56,59,32
2011-01-15 00:00:00 -0500,9,13,22,23,37,31
2011-01-12 00:00:00 -0500,19,21,23,40,48,27
2011-01-08 00:00:00 -0500,6,7,26,33,52,24
2011-01-05 00:00:00 -0500,22,26,32,38,40,7
2011-01-01 00:00:00 -0500,18,22,37,47,54,36
2010-12-29 00:00:00 -0500,3,16,18,20,37,30
2010-12-25 00:00:00 -0500,1,17,38,50,52,24
2010-12-22 00:00:00 -0500,11,33,44,46,47,12
2010-12-18 00:00:00 -0500,4,11,19,33,43,14
2010-12-15 00:00:00 -0500,10,11,18,32,45,18
2010-12-11 00:00:00 -0500,1,8,10,19,20,23
2010-12-08 00:00:00 -0500,8,11,25,41,58,16
2010-12-04 00:00:00 -0500,13,24,27,31,42,22
2010-12-01 00:00:00 -0500,5,10,11,12,20,2
2010-11-27 00:00:00 -0500,10,30,37,47,54,39
2010-11-24 00:00:00 -0500,8,20,21,32,37,4
2010-11-20 00:00:00 -0500,10,12,38,53,57,1
2010-11-17 00:00:00 -0500,14,16,53,54,59,5
2010-11-13 00:00:00 -0500,17,30,48,51,54,29
2010-11-10 00:00:00 -0500,5,8,11,40,44,10
2010-11-06 00:00:00 -0400,7,12,23,34,38,33
2010-11-03 00:00:00 -0400,34,38,39,45,50,33
2010-10-30 00:00:00 -0400,1,7,27,36,49,39
2010-10-27 00:00:00 -0400,20,24,25,53,59,15
2010-10-23 00:00:00 -0400,2,7,16,20,46,34
2010-10-20 00:00:00 -0400,7,17,20,39,59,17
2010-10-16 00:00:00 -0400,11,12,15,16,28,11
2010-10-13 00:00:00 -0400,12,22,32,34,46,2
2010-10-09 00:00:00 -0400,2,6,32,42,49,35
2010-10-06 00:00:00 -0400,14,26,37,41,46,24
2010-10-02 00:00:00 -0400,12,20,30,36,47,25
2010-09-29 00:00:00 -0400,13,44,51,52,55,30
2010-09-25 00:00:00 -0400,8,16,27,35,42,30
2010-09-22 00:00:00 -0400,10,24,36,52,55,15
2010-09-18 00:00:00 -0400,1,18,37,39,44,13
2010-09-15 00:00:00 -0400,7,20,21,34,43,34
2010-09-11 00:00:00 -0400,7,17,20,36,59,33
2010-09-08 00:00:00 -0400,10,35,39,51,57,20
2010-09-04 00:00:00 -0400,11,14,22,33,42,38
2010-09-01 00:00:00 -0400,17,20,21,40,51,19
2010-08-28 00:00:00 -0400,4,22,27,32,56,13
2010-08-25 00:00:00 -0400,16,17,29,31,36,23
2010-08-21 00:00:00 -0400,7,10,12,22,27,26
2010-08-18 00:00:00 -0400,4,32,33,47,55,39
2010-08-14 00:00:00 -0400,9,33,36,50,58,31
2010-08-11 00:00:00 -0400,7,10,22,23,52,29
2010-08-07 00:00:00 -0400,4,22,26,31,52,30
2010-08-04 00:00:00 -0400,19,28,30,37,53,36
2010-07-31 00:00:00 -0400,1,16,17,41,57,15
2010-07-28 00:00:00 -0400,1,11,20,25,27,2
2010-07-24 00:00:00 -0400,20,30,38,46,59,27
2010-07-21 00:00:00 -0400,16,22,30,51,58,25
2010-07-17 00:00:00 -0400,22,27,35,37,45,3
2010-07-14 00:00:00 -0400,20,21,23,38,42,6
2010-07-10 00:00:00 -0400,20,21,27,28,56,4
2010-07-07 00:00:00 -0400,10,41,44,48,56,4
2010-07-03 00:00:00 -0400,3,10,14,52,53,3
2010-06-30 00:00:00 -0400,6,38,43,47,48,27
2010-06-26 00:00:00 -0400,13,30,32,38,57,25
2010-06-23 00:00:00 -0400,11,30,45,47,48,10
2010-06-19 00:00:00 -0400,9,30,31,50,54,39
2010-06-16 00:00:00 -0400,8,11,18,29,36,6
2010-06-12 00:00:00 -0400,9,12,13,35,38,30
2010-06-09 00:00:00 -0400,14,22,27,32,49,5
2010-06-05 00:00:00 -0400,18,34,40,48,59,25
2010-06-02 00:00:00 -0400,4,9,14,39,43,38
2010-05-29 00:00:00 -0400,1,3,24,28,41,10
2010-05-26 00:00:00 -0400,1,6,10,13,20,32
2010-05-22 00:00:00 -0400,19,20,40,47,57,29
2010-05-19 00:00:00 -0400,2,7,29,55,58,27
2010-05-15 00:00:00 -0400,15,21,23,28,36,20
2010-05-12 00:00:00 -0400,37,51,52,53,58,38
2010-05-08 00:00:00 -0400,5,22,34,41,57,31
2010-05-05 00:00:00 -0400,13,34,40,47,57,11
2010-05-01 00:00:00 -0400,16,23,25,49,58,20
2010-04-28 00:00:00 -0400,12,22,25,28,44,24
2010-04-24 00:00:00 -0400,1,12,53,56,57,5
2010-04-21 00:00:00 -0400,11,34,41,49,55,20
2010-04-17 00:00:00 -0400,5,21,22,41,49,15
2010-04-14 00:00:00 -0400,6,14,32,38,52,20
2010-04-10 00:00:00 -0400,21,22,49,52,58,34
2010-04-07 00:00:00 -0400,4,36,40,44,52,33
2010-04-03 00:00:00 -0400,10,15,31,52,59,4
2010-03-31 00:00:00 -0400,5,13,17,45,54,12
2010-03-27 00:00:00 -0400,7,21,32,44,52,10
2010-03-24 00:00:00 -0400,14,20,24,39,49,7
2010-03-20 00:00:00 -0400,9,36,39,44,45,9
2010-03-17 00:00:00 -0400,24,26,45,48,55,8
2010-03-13 00:00:00 -0500,6,16,20,31,36,8
2010-03-10 00:00:00 -0500,17,21,37,41,50,1
2010-03-06 00:00:00 -0500,10,29,33,41,59,15
2010-03-03 00:00:00 -0500,7,9,14,45,49,23
2010-02-27 00:00:00 -0500,18,47,51,53,58,30
2010-02-24 00:00:00 -0500,4,17,35,50,57,12
2010-02-20 00:00:00 -0500,13,27,37,41,54,32
2010-02-17 00:00:00 -0500,7,8,19,26,36,15
2010-02-13 00:00:00 -0500,10,14,30,40,51,1
2010-02-10 00:00:00 -0500,5,8,29,37,38,34
2010-02-06 00:00:00 -0500,14,22,52,54,59,4
2010-02-03 00:00:00 -0500,17,22,36,37,52,24
2010-01-30 00:00:00 -0500,6,26,35,47,48,21
2010-01-27 00:00:00 -0500,6,15,20,26,31,9
2010-01-23 00:00:00 -0500,15,16,20,42,53,17
2010-01-20 00:00:00 -0500,15,32,43,44,46,19
2010-01-16 00:00:00 -0500,7,8,23,41,55,23
2010-01-13 00:00:00 -0500,8,11,15,32,50,27
2010-01-09 00:00:00 -0500,20,41,44,50,54,22
2010-01-06 00:00:00 -0500,20,27,29,56,58,31
2010-01-02 00:00:00 -0500,3,7,23,27,42,37
2009-12-30 00:00:00 -0500,5,14,38,39,52,6
2009-12-26 00:00:00 -0500,32,36,37,41,53,30
2009-12-23 00:00:00 -0500,8,32,49,51,52,23
2009-12-19 00:00:00 -0500,17,24,39,41,47,21
2009-12-16 00:00:00 -0500,13,23,25,35,43,15
2009-12-12 00:00:00 -0500,12,13,14,35,41,29
2009-12-09 00:00:00 -0500,1,5,12,13,58,21
2009-12-05 00:00:00 -0500,27,39,41,44,58,17
2009-12-02 00:00:00 -0500,14,34,37,46,55,37
2009-11-28 00:00:00 -0500,26,27,28,46,50,21
2009-11-25 00:00:00 -0500,4,13,18,49,59,5
2009-11-21 00:00:00 -0500,7,26,36,49,58,4
2009-11-18 00:00:00 -0500,32,42,50,58,59,31
2009-11-14 00:00:00 -0500,19,30,32,48,57,14
2009-11-11 00:00:00 -0500,8,12,14,22,29,22
2009-11-07 00:00:00 -0500,7,32,37,46,50,26
2009-11-04 00:00:00 -0500,10,11,14,45,51,17
2009-10-31 00:00:00 -0400,2,19,26,41,54,23
2009-10-28 00:00:00 -0400,3,11,26,46,51,23
2009-10-24 00:00:00 -0400,14,22,38,49,59,16
2009-10-21 00:00:00 -0400,6,16,34,45,51,4
2009-10-17 00:00:00 -0400,5,16,25,30,49,39
2009-10-14 00:00:00 -0400,5,15,25,30,40,6
2009-10-10 00:00:00 -0400,13,32,45,49,50,30
2009-10-07 00:00:00 -0400,2,20,21,38,50,22
2009-10-03 00:00:00 -0400,12,24,48,50,57,22
2009-09-30 00:00:00 -0400,41,42,52,54,57,30
2009-09-26 00:00:00 -0400,18,20,34,36,39,19
2009-09-23 00:00:00 -0400,7,8,20,25,29,11
2009-09-19 00:00:00 -0400,5,24,25,30,49,23
2009-09-16 00:00:00 -0400,17,37,40,51,56,25
2009-09-12 00:00:00 -0400,13,28,38,41,56,25
2009-09-09 00:00:00 -0400,4,16,18,51,53,23
2009-09-05 00:00:00 -0400,9,16,27,35,57,29
2009-09-02 00:00:00 -0400,18,23,36,47,59,36
2009-08-29 00:00:00 -0400,1,20,37,52,53,33
2009-08-26 00:00:00 -0400,1,21,23,30,43,11
2009-08-22 00:00:00 -0400,3,6,20,32,51,23
2009-08-19 00:00:00 -0400,14,24,31,43,51,27
2009-08-15 00:00:00 -0400,14,15,26,32,36,12
2009-08-12 00:00:00 -0400,10,25,32,34,47,5
2009-08-08 00:00:00 -0400,4,33,37,45,50,11
2009-08-05 00:00:00 -0400,25,34,41,46,49,29
2009-08-01 00:00:00 -0400,5,37,39,46,53,8
2009-07-29 00:00:00 -0400,2,5,38,43,59,8
2009-07-25 00:00:00 -0400,5,17,33,46,52,9
2009-07-22 00:00:00 -0400,4,6,16,22,32,11
2009-07-18 00:00:00 -0400,4,21,26,28,47,37
2009-07-15 00:00:00 -0400,26,50,51,52,57,37
2009-07-11 00:00:00 -0400,1,4,20,39,42,2
2009-07-08 00:00:00 -0400,19,42,50,53,56,39
2009-07-04 00:00:00 -0400,4,9,22,41,44,14
2009-07-01 00:00:00 -0400,9,32,38,52,53,15
2009-06-27 00:00:00 -0400,18,22,26,39,48,17
2009-06-24 00:00:00 -0400,16,18,24,51,53,16
2009-06-20 00:00:00 -0400,3,11,18,22,28,33
2009-06-17 00:00:00 -0400,5,9,37,42,53,27
2009-06-13 00:00:00 -0400,13,16,20,35,41,6
2009-06-10 00:00:00 -0400,15,26,27,42,58,37
2009-06-06 00:00:00 -0400,10,18,23,30,45,2
2009-06-03 00:00:00 -0400,16,20,22,32,37,9
2009-05-30 00:00:00 -0400,1,23,42,51,59,20
2009-05-27 00:00:00 -0400,5,6,12,16,21,7
2009-05-23 00:00:00 -0400,19,23,34,52,57,21
2009-05-20 00:00:00 -0400,23,30,31,35,42,6
2009-05-16 00:00:00 -0400,6,7,31,40,56,38
2009-05-13 00:00:00 -0400,19,30,32,37,40,37
2009-05-09 00:00:00 -0400,4,15,32,49,58,21
2009-05-06 00:00:00 -0400,7,8,12,22,31,18
2009-05-02 00:00:00 -0400,3,20,38,42,45,27
2009-04-29 00:00:00 -0400,6,19,36,50,59,13
2009-04-25 00:00:00 -0400,8,26,30,42,52,15
2009-04-22 00:00:00 -0400,15,22,30,37,48,12
2009-04-18 00:00:00 -0400,7,15,28,43,44,20
2009-04-15 00:00:00 -0400,16,22,26,27,59,5
2009-04-11 00:00:00 -0400,7,28,35,46,49,20
2009-04-08 00:00:00 -0400,1,6,48,52,56,9
2009-04-04 00:00:00 -0400,14,21,50,57,58,7
2009-04-01 00:00:00 -0400,2,9,33,41,54,14
2009-03-28 00:00:00 -0400,2,3,16,41,48,19
2009-03-25 00:00:00 -0400,10,20,23,47,54,26
2009-03-21 00:00:00 -0400,19,23,27,49,52,21
2009-03-18 00:00:00 -0400,16,26,29,41,45,1
2009-03-14 00:00:00 -0400,7,30,33,44,51,10
2009-03-11 00:00:00 -0400,3,7,13,34,47,30
2009-03-07 00:00:00 -0500,21,27,28,56,59,21
2009-03-04 00:00:00 -0500,1,6,44,49,55,36
2009-02-28 00:00:00 -0500,3,16,20,42,58,7
2009-02-25 00:00:00 -0500,17,32,42,49,56,11
2009-02-21 00:00:00 -0500,13,31,41,45,46,21
2009-02-18 00:00:00 -0500,2,15,39,44,56,15
2009-02-14 00:00:00 -0500,2,8,9,33,45,5
2009-02-11 00:00:00 -0500,5,10,22,45,49,37
2009-02-07 00:00:00 -0500,5,18,20,28,53,27
2009-02-04 00:00:00 -0500,7,24,30,32,44,18
2009-01-31 00:00:00 -0500,1,14,26,33,41,37
2009-01-28 00:00:00 -0500,5,10,18,23,32,4
2009-01-24 00:00:00 -0500,6,20,25,37,42,25
2009-01-21 00:00:00 -0500,20,26,38,46,54,23
2009-01-17 00:00:00 -0500,2,5,9,23,59,26
2009-01-14 00:00:00 -0500,8,25,34,39,46,34
2009-01-10 00:00:00 -0500,8,10,18,43,56,9
2009-01-07 00:00:00 -0500,23,31,33,38,52,24
2009-01-03 00:00:00 -0500,17,22,24,38,55,24
2008-12-31 00:00:00 -0500,7,8,11,17,53,36
2008-12-27 00:00:00 -0500,12,15,26,31,43,10
2008-12-24 00:00:00 -0500,2,17,22,32,41,8
2008-12-20 00:00:00 -0500,3,14,19,32,54,24
2008-12-17 00:00:00 -0500,7,11,18,24,30,26
2008-12-13 00:00:00 -0500,14,26,28,31,40,13
2008-12-10 00:00:00 -0500,6,15,24,37,41,37
2008-12-06 00:00:00 -0500,9,35,39,43,53,10
2008-12-03 00:00:00 -0500,16,17,21,25,55,3
2008-11-29 00:00:00 -0500,5,33,36,39,55,21
2008-11-26 00:00:00 -0500,11,26,31,34,52,14
2008-11-22 00:00:00 -0500,17,19,26,32,45,14
2008-11-19 00:00:00 -0500,8,13,38,39,45,31
2008-11-15 00:00:00 -0500,3,7,8,12,44,37
2008-11-12 00:00:00 -0500,1,18,25,29,45,2
2008-11-08 00:00:00 -0500,2,4,21,36,40,41
2008-11-05 00:00:00 -0500,4,8,18,33,36,32
2008-11-01 00:00:00 -0400,4,6,26,40,41,15
2008-10-29 00:00:00 -0400,20,30,37,50,52,33
2008-10-25 00:00:00 -0400,1,3,14,38,48,2
2008-10-22 00:00:00 -0400,10,17,33,51,52,5
2008-10-18 00:00:00 -0400,10,14,32,40,49,15
2008-10-15 00:00:00 -0400,3,13,32,38,48,13
2008-10-11 00:00:00 -0400,3,7,17,39,47,9
2008-10-08 00:00:00 -0400,2,12,17,48,54,2
2008-10-04 00:00:00 -0400,1,4,26,32,39,18
2008-10-01 00:00:00 -0400,8,9,39,43,55,26
2008-09-27 00:00:00 -0400,13,24,29,40,52,29
2008-09-24 00:00:00 -0400,5,13,21,32,36,33
2008-09-20 00:00:00 -0400,6,28,30,40,47,24
2008-09-17 00:00:00 -0400,12,23,26,32,44,20
2008-09-13 00:00:00 -0400,7,17,29,43,51,38
2008-09-10 00:00:00 -0400,14,15,28,37,53,18
2008-09-06 00:00:00 -0400,17,25,26,49,54,11
2008-09-03 00:00:00 -0400,38,40,46,49,50,34
2008-08-30 00:00:00 -0400,2,14,15,32,47,36
2008-08-27 00:00:00 -0400,13,31,36,48,49,11
2008-08-23 00:00:00 -0400,18,24,33,47,48,23
2008-08-20 00:00:00 -0400,15,16,24,35,47,26
2008-08-16 00:00:00 -0400,5,34,40,43,52,20
2008-08-13 00:00:00 -0400,5,10,19,23,31,26
2008-08-09 00:00:00 -0400,32,40,43,49,53,21
2008-08-06 00:00:00 -0400,5,24,36,37,51,19
